Book Id,Title,Author,Author l-f,Additional Authors,ISBN,ISBN13,My Rating,Average Rating,Publisher,Binding,Number of Pages,Year Published,Original Publication Year,Date Read,Date Added,Bookshelves,Bookshelves with positions,Exclusive Shelf,My Review,Spoiler,Private Notes,Read Count,Recommended For,Recommended By,Owned Copies,Original Purchase Date,Original Purchase Location,Condition,Condition Description,BCID
43575115,The Starless Sea,Erin Morgenstern,"Morgenstern, Erin",,"=""038554121X""","=""9780385541213""",0,4.11,Doubleday Books,Hardcover,498,2019,2019,,2019/08/02,currently-reading,currently-reading (#2),currently-reading,,,,1,,,0,,,,,
39073387,Bloom,Kevin Panetta,"Panetta, Kevin",Savanna Ganucheau,"=""1626726418""","=""9781626726413""",4,4.12,First Second,Paperback,368,2019,2019,2019/03/11,2019/03/11,,,read,,,,1,,,0,,,,,
1455422,"God Emperor of Dune (Dune Chronicles, #4)",Frank Herbert,"Herbert, Frank",,"=""042508003X""","=""9780425080030""",0,3.84,Berkley Science Fiction,Mass Market Paperback,423,1984,1981,,2019/12/06,currently-reading,currently-reading (#1),currently-reading,,,,1,,,0,,,,,
27220309,The Metamorphosis,Franz Kafka,"Kafka, Franz",,"=""1843444615""","=""9781843444619""",2,3.81,Pulp! The Classics,Paperback,128,2016,1915,2019/12/06,2019/12/06,,,read,,,,1,,,0,,,,,
16219704,JavaScript and jQuery: Interactive Front-End Web Development,Jon Duckett,"Duckett, Jon",,"=""1118531647""","=""9781118531648""",3,4.34,Wiley,Paperback,640,2014,2013,2019/11/30,2019/11/30,,,read,,,,1,,,0,,,,,
10361330,HTML and CSS: Design and Build Websites,Jon Duckett,"Duckett, Jon",,"=""1118008189""","=""9781118008188""",3,4.32,Wiley,Paperback,514,2011,2011,2019/11/30,2019/11/30,,,read,,,,1,,,0,,,,,
1455421,"Children of Dune (Dune Chronicles, #3)",Frank Herbert,"Herbert, Frank",,"=""0425074994""","=""9780425074992""",5,3.93,Berkley,Mass Market Paperback,408,1984,1976,2019/11/30,2019/11/25,,,read,,,,1,,,0,,,,,
43812079,Talking to Strangers: What We Should Know about the People We Don’t Know,Malcolm Gladwell,"Gladwell, Malcolm",,"=""""","=""""",5,4.04,Allen Lane,Hardcover,320,2019,2019,2019/07/25,2019/07/23,,,read,,,,1,,,0,,,,,
43798285,The Institute,Stephen King,"King, Stephen",,"=""1982110562""","=""9781982110567""",0,4.22,Scribner,Hardcover,561,2019,2019,,2019/11/23,to-read,to-read (#59),to-read,,,,0,,,0,,,,,
43317567,Space Invaders,Nona Fernández,"Fernández, Nona",Natasha Wimmer,"=""1644450070""","=""9781644450079""",4,3.96,Graywolf Press,Paperback,96,2019,2013,2019/11/13,2019/11/12,to-re-read,to-re-read (#3),read,,,,1,,,0,,,,,
840309,When Things Fall Apart: Heart Advice for Difficult Times,Pema Chödrön,"Chödrön, Pema",,"=""1590302265""","=""9781590302262""",4,4.30,Shambhala Publications,Mass Market Paperback,208,2005,1996,2019/11/13,2019/07/18,,,read,,,,1,,,0,,,,,
13584789,Dracula,Bram Stoker,"Stoker, Bram",,"=""1607105519""","=""9781607105510""",0,3.99,Canterbury Classics,Flexibound,368,2012,1897,,2019/10/06,to-read,to-read (#58),to-read,,,,0,,,0,,,,,
55448,The Crimson Labyrinth,Yusuke Kishi,"Kishi, Yusuke","Camellia Nieh, Masami Isetani","=""193223411X""","=""9781932234114""",0,3.73,Vertical,Paperback,288,2006,1999,,2019/11/11,to-read,to-read (#57),to-read,,,,0,,,0,,,,,
42188604,In the Dream House: A Memoir,Carmen Maria Machado,"Machado, Carmen Maria",,"=""""","=""""",5,4.67,Graywolf Press,Hardcover,264,2019,2019,2019/11/09,2019/11/07,,,read,,,,1,,,0,,,,,
6798263,Bluets,Maggie Nelson,"Nelson, Maggie",,"=""1933517409""","=""9781933517407""",4,4.27,Wave Books,Paperback,98,2009,2009,2019/10/05,2019/10/05,,,read,,,,1,,,0,,,,,
810408,Surfacing,Margaret Atwood,"Atwood, Margaret",,"=""0446311073""","=""9780446311076""",2,3.46,Warner Books,Mass Market Paperback,224,1983,1972,2019/10/05,2019/09/30,,,read,,,,1,,,0,,,,,
42063901,Orange World and Other Stories,Karen Russell,"Russell, Karen",,"=""1984892215""","=""9781984892218""",0,3.98,Random House Large Print Publishing,Paperback,288,2019,2019,,2019/09/29,to-read,to-read (#56),to-read,,,,0,,,0,,,,,
23287086,"Dune Messiah (Dune Chronicles, #2)",Frank Herbert,"Herbert, Frank",,"=""""","=""""",4,3.88,Berkley,Mass Market Paperback,256,1972,1969,2019/09/28,2019/09/25,,,read,,,,1,,,0,,,,,
42201100,Three Women,Lisa Taddeo,"Taddeo, Lisa",,"=""1451642296""","=""9781451642292""",5,3.72,Avid Reader Press / Simon  Schuster,Hardcover,304,2019,2019,2019/09/26,2019/09/25,,,read,,,,1,,,0,,,,,
48203220,Fictional Film Club,Mark     Savage,"Savage, Mark",,"=""""","=""9781949127065""",5,5.00,Deep Overstock,Paperback,291,2019,,2019/09/24,2019/09/22,,,read,,,,1,,,0,,,,,
28439775,The Haunting of Hill House,Shirley Jackson,"Jackson, Shirley",Laura   Miller,"=""0143129376""","=""9780143129370""",4,3.84,Penguin Books,Paperback,233,2016,1959,2017/03/07,2017/02/26,,,read,,,,1,,,0,,,,,
35006962,Why You Will Marry the Wrong Person: & Other Essays,The School of Life,"Life, The School of",,"=""""","=""""",2,4.06,The School of Life Press,Kindle Edition,72,2017,2017,,2018/10/09,,,read,,,,1,,,0,,,,,
2410293,Atmospheric Disturbances,Rivka Galchen,"Galchen, Rivka",,"=""0374200114""","=""9780374200114""",2,3.16,Farrar Straus Giroux,Hardcover,240,2008,2008,2018/04/10,2018/04/10,,,read,,,,5,,,0,,,,,
49464,Save the Cat: The Last Book on Screenwriting You'll Ever Need,Blake Snyder,"Snyder, Blake",,"=""1932907009""","=""9781932907001""",1,4.05,Michael Wiese Productions,Paperback,195,2005,2005,2015/12/01,2016/10/23,,,read,,,,1,,,0,,,,,
13625063,Shadow and Claw (The Book of the New Sun #1-2),Gene Wolfe,"Wolfe, Gene",,"=""1407234684""","=""9781407234687""",3,4.02,Victor Gollancz,Paperback,603,2011,1994,2019/02/09,2019/02/03,,,read,,,,1,,,0,,,,,
12977531,The Shining,Stephen King,"King, Stephen",,"=""""","=""""",5,4.21,Anchor,Mass Market Paperback,659,2012,1977,2017/02/23,2016/10/26,,,read,Anyone who says the movie is better has no idea what they are talking about.,,,2,,,0,,,,,
18302455,The Circle,Dave Eggers,"Eggers, Dave",,"=""0385351399""","=""9780385351393""",5,3.43,Knopf,Hardcover,493,2013,2013,2017/12/27,2017/12/22,,,read,Originally I gave this book 4 stars.<br/>Then I recieved a follow up from Eggers.<br/>I changed my rating to 5.,,,1,,,0,,,,,
3115359,2666,Roberto Bolaño,"Bolaño, Roberto",Natasha Wimmer,"=""0374100144""","=""9780374100148""",5,4.21,"Farrar, Straus and Giroux",Hardcover,898,2008,2004,2016/03/30,2016/10/22,"favorites, to-re-read","favorites (#2), to-re-read (#1)",read,,,,1,,,0,,,,,
13330943,The Night Circus,Erin Morgenstern,"Morgenstern, Erin",,"=""0307744434""","=""9780307744432""",5,4.04,Anchor,Paperback,516,2012,2011,2018/10/06,2018/10/06,favorites,favorites (#11),read,,,,1,,,0,,,,,
41949311,Someone Who Will Love You in All Your Damaged Glory,Raphael Bob-Waksberg,"Bob-Waksberg, Raphael",,"=""""","=""""",5,4.21,Knopf,Kindle Edition,256,2019,2019,2019/08/12,2019/08/12,favorites,favorites (#10),read,,,,1,,,0,,,,,
35012246,The Princess Bride: S. Morgenstern's Classic Tale of True Love and High Adventure,William Goldman,"Goldman, William",Michael Manomivibul,"=""1328948854""","=""9781328948854""",5,4.26,Houghton Mifflin Harcourt,Hardcover,392,2017,1973,2012/01/01,2016/10/22,favorites,favorites (#1),read,,,,1,,,0,,,,,
1685995,"Dune (Dune Chronicles, #1)",Frank Herbert,"Herbert, Frank",,"=""042507160X""","=""9780425071601""",5,4.22,Berkley,Mass Market Paperback,512,1984,1965,2019/09/10,2016/10/24,,,read,,,,1,,,0,,,,,
18775123,Battle Royale: Angels' Border,Koushun Takami,"Takami, Koushun","Mioko Ohnishi, Youhei Oguma","=""1421571684""","=""9781421571683""",3,3.88,VIZ Media LLC,Paperback,280,2014,2012,2019/09/01,2019/09/01,,,read,,,,1,,,0,,,,,
25825726,The Farthest Shore (Earthsea Cycle #3),Ursula K. Le Guin,"Guin, Ursula K. Le",,"=""""","=""""",4,4.13,Saga Press,Mass Market Paperback,296,2001,1972,2019/08/31,2019/08/30,,,read,,,,1,,,0,,,,,
8032189,Popular Hits of the Showa Era,Ryū Murakami,"Murakami, Ryū",Ralph McCarthy,"=""0393338428""","=""9780393338423""",5,3.60,W. W. Norton  Company,Paperback,192,2011,1994,2019/08/25,2019/08/25,,,read,,,,1,,,0,,,,,
29588376,"The Lies of Locke Lamora (Gentleman Bastard, #1)",Scott Lynch,"Lynch, Scott",,"=""""","=""""",3,4.30,Spectra,Kindle Edition,752,2006,2006,2019/08/20,2019/08/16,,,read,,,,1,,,0,,,,,
14289,Coin Locker Babies,Ryū Murakami,"Murakami, Ryū",Stephen Snyder,"=""4770028962""","=""9784770028969""",5,3.68,Kodansha,Trade Paperback,393,2002,1980,2019/08/06,2019/07/18,,,read,,,,1,,,0,,,,,
776,Buddhism Plain and Simple,Steve Hagen,"Hagen, Steve",,"=""0767903323""","=""9780767903325""",4,4.08,Harmony,Paperback,176,1998,1997,2019/08/12,2019/08/12,,,read,,,,1,,,0,,,,,
357806,Siddhartha,Hermann Hesse,"Hesse, Hermann",Hilda Rosner,"=""081120068X""","=""9780811200684""",5,4.02,New Directions (NY),Paperback,122,1951,1922,2019/08/02,2019/08/02,,,read,,,,1,,,0,,,,,
34956885,The Body Is Not an Apology: The Power of Radical Self-Love,Sonya Renee Taylor,"Taylor, Sonya Renee",,"=""1626569762""","=""9781626569768""",0,4.24,Berrett-Koehler Publishers,Paperback,137,2018,2018,,2019/07/25,to-read,to-read (#55),to-read,,,,0,,,0,,,,,
42378784,The Saturday Night Ghost Club,Craig Davidson,"Davidson, Craig",,"=""0143133934""","=""9780143133933""",4,3.99,Penguin Books,Paperback,224,2019,2018,2019/07/22,2019/07/22,,,read,,,,1,,,0,,,,,
4811949,Getting Past Your Breakup: How to Turn a Devastating Loss into the Best Thing That Ever Happened to You,Susan J. Elliott,"Elliott, Susan J.",,"=""0738213284""","=""9780738213286""",0,4.17,Da Capo Lifelong Books,Paperback,272,2009,2009,,2019/07/20,,,read,,,,1,,,0,,,,,
34565022,Braving the Wilderness: The Quest for True Belonging and the Courage to Stand Alone,Brené Brown,"Brown, Brené",,"=""0812995848""","=""9780812995848""",4,4.16,Random House,Hardcover,208,2017,2017,2019/07/12,2019/07/12,,,read,,,,1,,,0,,,,,
29445758,I'm Thinking of Ending Things,Iain Reid,"Reid, Iain",,"=""1501126946""","=""9781501126949""",5,3.39,Gallery/Scout Press,Paperback,240,2017,2016,2019/07/12,2019/07/12,,,read,,,,1,,,0,,,,,
25110912,11/22/63,Stephen King,"King, Stephen",,"=""1501120603""","=""9781501120602""",3,4.31,Pocket Books,Mass Market Paperback,1120,2016,2011,2019/07/09,2019/06/20,,,read,,,,1,,,0,,,,,
13538712,The Miracle of Trees,Olavi Huikari,"Huikari, Olavi",,"=""0802777899""","=""9780802777898""",4,4.37,Walker Books,Hardcover,58,2012,2012,2019/07/07,2019/07/07,,,read,,,,1,,,0,,,,,
28257707,The Subtle Art of Not Giving a F*ck: A Counterintuitive Approach to Living a Good Life,Mark Manson,"Manson, Mark",,"=""""","=""""",3,3.97,Harper,ebook,224,2016,2016,2019/07/07,2019/07/07,,,read,,,,1,,,0,,,,,
24819482,"Wake of Vultures (The Shadow, #1)",Lila Bowen,"Bowen, Lila",,"=""0316264318""","=""9780316264310""",0,3.90,Orbit,Hardcover,342,2015,2015,,2019/06/18,to-read,to-read (#54),to-read,,,,0,,,0,,,,,
14572,Peace Is Every Step: The Path of Mindfulness in Everyday Life,Thich Nhat Hanh,"Hanh, Thich Nhat","Arnold Kotler, Dalai Lama XIV","=""0553351397""","=""9780553351392""",4,4.33,Bantam,Paperback,160,1992,1990,2019/06/05,2019/06/05,,,read,,,,1,,,0,,,,,
2635557,Senselessness,Horacio Castellanos Moya,"Moya, Horacio Castellanos",Katherine Silver,"=""0811217078""","=""9780811217071""",5,3.83,New Directions,Paperback,142,2008,2004,2018/12/30,2016/11/22,,,read,,,,1,,,0,,,,,
15808621,"The Wise Man's Fear (The Kingkiller Chronicle, #2)",Patrick Rothfuss,"Rothfuss, Patrick",,"=""0756407915""","=""9780756407919""",5,4.57,DAW,Mass Market Paperback,1107,2013,2011,2019/05/31,2019/05/24,favorites,favorites (#9),read,,,,1,,,0,,,,,
15814442,Are You My Mother?: A Comic Drama,Alison Bechdel,"Bechdel, Alison",,"=""0544002237""","=""9780544002234""",4,3.68,Mariner Books,Paperback,304,2013,2012,2018/11/09,2018/11/09,,,read,,,,1,,,0,,,,,
18015194,"Doctor Sleep (The Shining, #2)",Stephen King,"King, Stephen",,"=""1451698852""","=""9781451698855""",4,4.12,Gallery Books,Paperback,560,2014,2013,2017/04/01,2017/03/22,,,read,,,,1,,,0,,,,,
17262203,"MaddAddam (MaddAddam, #3)",Margaret Atwood,"Atwood, Margaret",,"=""0385528787""","=""9780385528788""",4,4.00,Nan A. Talese,Hardcover,394,2013,2013,2018/05/31,2017/04/22,,,read,,,,1,,,0,,,,,
17810,In the Miso Soup,Ryū Murakami,"Murakami, Ryū",Ralph McCarthy,"=""""","=""9780143035695""",5,3.58,Penguin,Paperback,224,2006,1997,2019/05/19,2019/05/19,,,read,,,,1,,,0,,,,,
33784275,Presence: Bringing Your Boldest Self to Your Biggest Challenges,Amy Cuddy,"Cuddy, Amy",,"=""0316256587""","=""9780316256582""",3,3.94,"Little, Brown Spark",Paperback,352,2018,2015,2019/05/19,2019/05/19,,,read,,,,1,,,0,,,,,
24113,"Gödel, Escher, Bach: An Eternal Golden Braid",Douglas R. Hofstadter,"Hofstadter, Douglas R.",,"=""0465026567""","=""9780465026562""",0,4.29,Basic Books,Paperback,777,1999,1979,,2019/05/16,to-read,to-read (#53),to-read,,,,0,,,0,,,,,
22590,Ubik,Philip K. Dick,"Dick, Philip K.","David Alabort, Manuel Espín","=""8498000831""","=""9788498000832""",0,4.09,La factoría de ideas,Paperback,288,2006,1969,,2019/05/16,to-read,to-read (#52),to-read,,,,0,,,0,,,,,
15811545,A Tale for the Time Being,Ruth Ozeki,"Ozeki, Ruth",,"=""0670026638""","=""9780670026630""",0,4.00,Viking,Hardcover,422,2013,2013,,2019/05/16,to-read,to-read (#51),to-read,,,,0,,,0,,,,,
40611182,Star,Yukio Mishima,"Mishima, Yukio",Sam Bett,"=""0811228428""","=""9780811228428""",4,3.63,New Directions,Paperback,94,2019,1961,2019/05/09,2019/05/09,,,read,,,,1,,,0,,,,,
35224286,Room to Dream,David Lynch,"Lynch, David",Kristine McKenna,"=""1782118381""","=""9781782118381""",5,4.30,Canongate Books,Hardcover,496,2018,2018,2018/11/14,2018/08/22,favorites,favorites (#8),read,,,,1,,,0,,,,,
20613663,Ugly Girls,Lindsay Hunter,"Hunter, Lindsay",,"=""0374533865""","=""9780374533861""",4,3.19,"Farrar, Straus and Giroux",Hardcover,240,2014,2014,2018/06/16,2018/06/08,,,read,,,,1,,,0,,,,,
38379,"Ring (Ring, #1)",Kōji Suzuki,"Suzuki, Kōji","Robert B. Rohmer, Glynne Walley","=""1932234411""","=""9781932234411""",2,3.82,Vertical,Paperback,282,2004,1991,2019/05/08,2019/05/05,,,read,,,,1,,,0,,,,,
29069374,"My Favorite Thing Is Monsters, Vol. 1 (My Favorite Thing Is Monsters, #1)",Emil Ferris,"Ferris, Emil",,"=""1606999591""","=""9781606999592""",0,4.16,Fantagraphics,Paperback,414,2017,2017,,2019/05/05,to-read,to-read (#50),to-read,,,,0,,,0,,,,,
13588356,"Daring Greatly: How the Courage to Be Vulnerable Transforms the Way We Live, Love, Parent, and Lead",Brené Brown,"Brown, Brené",,"=""1592407331""","=""9781592407330""",5,4.27,Avery,Hardcover,287,2012,2012,2019/05/05,2019/05/05,,,read,,,,1,,,0,,,,,
19161835,Confessions,Kanae Minato,"Minato, Kanae",Stephen Snyder,"=""0316200921""","=""9780316200929""",4,4.06,Mulholland Books,Paperback,235,2014,2008,2019/05/04,2019/05/04,,,read,,,,1,,,0,,,,,
28204534,"Paper Girls, Vol. 1",Brian K. Vaughan,"Vaughan, Brian K.","Cliff Chiang, Matthew Wilson, Jared K. Fletcher","=""1632156741""","=""9781632156747""",3,3.87,Image Comics,Paperback,144,2016,2016,2019/04/27,2019/04/27,,,read,,,,1,,,0,,,,,
7015403,The Gifts of Imperfection,Brené Brown,"Brown, Brené",,"=""159285849X""","=""9781592858491""",4,4.21,Hazelden Publishing,Paperback,138,2010,2010,2019/04/27,2019/04/27,,,read,,,,1,,,0,,,,,
18310390,The Shining,Roger Luckhurst,"Luckhurst, Roger",,"=""1844576396""","=""9781844576395""",0,3.81,British Film Institute,Paperback,104,2013,2013,,2019/04/15,to-read,to-read (#49),to-read,,,,0,,,0,,,,,
791345,Picnic at Hanging Rock,Joan Lindsay,"Lindsay, Joan",,"=""0099750619""","=""9780099750611""",0,3.71,Vintage,Paperback,189,1998,1967,,2019/04/15,to-read,to-read (#48),to-read,,,,0,,,0,,,,,
29845449,The Weird and the Eerie,Mark Fisher,"Fisher, Mark",,"=""1910924385""","=""9781910924389""",4,4.09,Repeater Books,Paperback,134,2017,2016,2019/04/15,2019/04/15,,,read,,,,1,,,0,,,,,
38819350,Sleeping with the Lights on: The Unsettling Story of Horror,Darryl Jones,"Jones, Darryl",,"=""0198826486""","=""9780198826484""",2,3.88,"Oxford University Press, USA",Hardcover,208,2018,,,2019/04/03,,,read,,,,1,,,0,,,,,
36373298,"Trail of Lightning (The Sixth World, #1)",Rebecca Roanhorse,"Roanhorse, Rebecca",,"=""""","=""""",0,4.00,Saga Press,Hardcover,287,2018,2018,,2019/04/03,to-read,to-read (#47),to-read,,,,0,,,0,,,,,
22074335,This Book is Gay,Juno Dawson,"Dawson, Juno",James Dawson,"=""1471403955""","=""9781471403958""",4,3.91,Hot Key Books,Paperback,271,2014,2014,2019/03/30,2019/03/30,,,read,,,,1,,,0,,,,,
42595641,"Wytches, Volume 1",Scott Snyder,"Snyder, Scott",,"=""""","=""9781632154910""",5,3.82,Image Comics,Paperback,144,2015,2014,2019/03/27,2019/03/27,,,read,,,,1,,,0,,,,,
310613,Breakfast of Champions,Kurt Vonnegut,"Vonnegut, Kurt",,"=""0440131480""","=""9780440131489""",5,4.07,Dell,Mass Market Paperback,295,1991,1973,2019/03/14,2019/03/14,,,read,,,,1,,,0,,,,,
71058,The Little Prince,Antoine de Saint-Exupéry,"Saint-Exupéry, Antoine de",Katherine Woods,"=""0152465030""","=""9780152465032""",5,4.30,"Harcourt, Brace & World, Inc.",Hardcover,93,1943,1943,,2018/12/04,favorites,favorites (#7),read,,,,1,,,0,,,,,
1930326,Something Wicked This Way Comes,Ray Bradbury,"Bradbury, Ray",,"=""0575083069""","=""9780575083066""",4,3.94,Gollancz,Paperback,263,2008,1962,2015/09/01,2016/10/22,,,read,,,,2,,,0,,,,,
38812871,Infidel,Pornsak Pichetshote,"Pichetshote, Pornsak","Aaron Campbell, José Villarrubia, Jeff Powell","=""1534308369""","=""9781534308367""",4,3.89,Image Comics,Paperback,168,2018,2018,2019/03/25,2019/03/25,,,read,,,,1,,,0,,,,,
29632242,Tomie,Junji Ito,"Ito, Junji",Naomi Kokubo,"=""1421590565""","=""9781421590561""",4,4.13,VIZ Media,Hardcover,752,2016,2016,2019/03/24,2019/03/24,,,read,,,,1,,,0,,,,,
35271190,I'll Be Gone in the Dark,Michelle McNamara,"McNamara, Michelle","Gillian Flynn, Patton Oswalt, Paul Haynes, Billy Jensen","=""""","=""""",4,4.15,Harper,Hardcover,328,2018,2018,2019/03/20,2019/03/17,,,read,,,,1,,,0,,,,,
40630116,Rick and Morty vs. Dungeons & Dragons,Patrick Rothfuss,"Rothfuss, Patrick","Jim Zub, Troy Little","=""1684054168""","=""9781684054169""",4,4.18,IDW Publishing,Hardcover,96,2019,2019,2019/03/13,2019/03/13,,,read,,,,1,,,0,,,,,
13378649,Shakespeare (Beginner's Guides),Ros King,"King, Ros",,"=""""","=""""",2,3.47,,Kindle Edition,220,,2011,2015/01/01,2017/01/19,,,read,,,,1,,,0,,,,,
9608,Cat's Cradle,Kurt Vonnegut,"Vonnegut, Kurt",,"=""""","=""9784001149128""",4,4.16,Dell,Mass Market Paperback,191,1973,1963,2019/03/01,2019/03/01,,,read,,,,1,,,0,,,,,
2495567,"The Name of the Wind (The Kingkiller Chronicle, #1)",Patrick Rothfuss,"Rothfuss, Patrick",,"=""0756404746""","=""9780756404741""",5,4.54,DAW,Mass Market Paperback,722,2008,2007,2019/02/28,2019/02/28,,,read,,,,1,,,0,,,,,
25790958,A Little Lumpen Novelita,Roberto Bolaño,"Bolaño, Roberto",Natasha Wimmer,"=""0811225151""","=""9780811225151""",4,3.62,New Directions,Paperback,128,2016,2002,2017/08/04,2017/08/05,,,read,,,,1,,,0,,,,,
43272599,"Unfuck Your Intimacy: Using Science for Better Relationships, Sex, and Dating",Faith G. Harper,"Harper, Faith G.",,"=""1621067629""","=""9781621067627""",4,3.52,Microcosm Publishing,Paperback,192,2019,2019,2019/02/14,2019/02/14,,,read,,,,1,,,0,,,,,
941673,Fahrenheit 451,Ray Bradbury,"Bradbury, Ray",,"=""0345292340""","=""9780345292346""",5,3.98,Del Rey,Mass Market Paperback,184,1987,1953,2019/02/03,2019/02/03,,,read,,,,1,,,0,,,,,
40819220,The Spirit of Science Fiction,Roberto Bolaño,"Bolaño, Roberto",,"=""0735233535""","=""9780735233539""",3,3.39,Hamish Hamilton,Hardcover,208,2019,2016,2019/02/06,2019/02/06,,,read,,,,1,,,0,,,,,
12560626,Fahrenheit 451,Ray Bradbury,"Bradbury, Ray",,"=""""","=""""",5,3.98,Ballantine Books ,Mass Market Paperback,147,1953,1953,2015/06/01,2016/10/22,to-re-read,to-re-read (#2),read,,,,1,,,0,,,,,
13544424,"The Tombs of Atuan (Earthsea Cycle, #2)",Ursula K. Le Guin,"Guin, Ursula K. Le",,"=""1442459913""","=""9781442459915""",4,4.09,Atheneum Books for Young Readers,Paperback,212,2012,1970,2019/02/02,2019/02/02,,,read,,,,1,,,0,,,,,
9508282,Slaughterhouse-Five,Kurt Vonnegut,"Vonnegut, Kurt",,"=""""","=""""",5,4.07,Dell,Mass Market Paperback,215,1985,1969,2019/01/31,2019/01/15,,,read,,,,1,,,0,,,,,
40163362,We Cast a Shadow,Maurice Carlos Ruffin,"Ruffin, Maurice Carlos",,"=""0525509062""","=""9780525509066""",0,3.69,One World,Hardcover,336,2019,2019,,2019/01/27,to-read,to-read (#46),to-read,,,,0,,,0,,,,,
13356686,"A Wizard of Earthsea (Earthsea Cycle, #1)",Ursula K. Le Guin,"Guin, Ursula K. Le",,"=""0547773749""","=""9780547773742""",4,4.00,HMH Books for Young Readers,Mass Market Paperback,299,2012,1968,2019/01/27,2019/01/27,,,read,,,,1,,,0,,,,,
29102955,The Secret History of Twin Peaks,Mark Frost,"Frost, Mark",,"=""1250075580""","=""9781250075581""",5,3.94,Flatiron Books,Hardcover,362,2016,2016,2019/01/23,2016/10/23,,,read,,,,1,,,0,,,,,
39599913,Golden State,Ben H. Winters,"Winters, Ben H.",,"=""0316505412""","=""9780316505413""",4,3.51,Mulholland Books,Hardcover,319,2019,2019,2019/01/22,2019/01/22,,,read,,,,1,,,0,,,,,
39872813,Mouthful of Birds,Samanta Schweblin,"Schweblin, Samanta","Megan McDowell, Ben Newman","=""0399184627""","=""9780399184628""",5,3.79,Riverhead Books,Hardcover,240,2019,2008,2019/01/18,2019/01/18,,,read,,,,1,,,0,,,,,
35410511,Baby Teeth,Zoje Stage,"Stage, Zoje",,"=""1250170753""","=""9781250170750""",3,3.63,St Martin's Press,Hardcover,304,2018,2018,2018/08/24,2018/08/16,,,read,,,,1,,,0,,,,,
16299,And Then There Were None,Agatha Christie,"Christie, Agatha",,"=""0312330871""","=""9780312330873""",0,4.25,St. Martin's Press,Paperback,264,2004,1939,,2019/01/15,to-read,to-read (#45),to-read,,,,0,,,0,,,,,
865,The Alchemist,Paulo Coelho,"Coelho, Paulo","Alan R. Clarke, Özdemir İnce","=""0061122416""","=""9780061122415""",0,3.86,HarperCollins,Paperback,197,1993,1988,,2019/01/15,to-read,to-read (#44),to-read,,,,0,,,0,,,,,
839103,The Bell Jar,Sylvia Plath,"Plath, Sylvia",Lois Ames,"=""0553278355""","=""9780553278354""",4,4.00,Bantam,Mass Market Paperback,216,1978,1963,2019/01/15,2019/01/14,,,read,,,,1,,,0,,,,,
19336255,Bolaño: A Biography in Conversations,Mónica Maristain,"Maristain, Mónica",Kit Maude,"=""1612193471""","=""9781612193472""",4,3.69,Melville House,Hardcover,288,2014,2014,2019/01/13,2019/01/13,,,read,,,,1,,,0,,,,,
39810297,Frankenstein,Junji Ito,"Ito, Junji",,"=""1974703762""","=""9781974703760""",4,3.95,VIZ Media LLC,Hardcover,400,2018,1999,2019/01/09,2019/01/09,,,read,,,,1,,,0,,,,,
36421253,Alice Isn't Dead,Joseph Fink,"Fink, Joseph",,"=""""","=""9780062890139""",2,3.67,Harper Perennial,Hardcover,321,2018,2018,2019/01/09,2019/01/09,,,read,,,,1,,,0,,,,,
38709,"Holes (Holes, #1)",Louis Sachar,"Sachar, Louis",,"=""0439244196""","=""9780439244190""",0,3.95,Scholastic,Paperback,233,2000,1998,,2019/01/09,,,read,,,,1,,,0,,,,,
36692478,There There,Tommy Orange,"Orange, Tommy",,"=""0525520376""","=""9780525520375""",5,3.98,Knopf,Hardcover,294,2018,2018,2019/01/06,2019/01/06,,,read,,,,1,,,0,,,,,
71135,The Great Gatsby,F. Scott Fitzgerald,"Fitzgerald, F. Scott",Charles Scribner III,"=""""","=""""",3,3.91,Collier Books,Mass Market Paperback,182,1986,1925,2019/01/04,2019/01/04,,,read,,,,1,,,0,,,,,
35711,A General Theory of Love,Thomas Lewis,"Lewis, Thomas","Fari Amini, Richard Lannon","=""0375709223""","=""9780375709227""",4,4.11,Vintage,Paperback,288,2001,2000,2016/09/01,2016/10/22,,,read,,,,1,,,0,,,,,
14574841,The Strange Case of Dr Jekyll and Mr Hyde,Robert Louis Stevenson,"Stevenson, Robert Louis",,"=""1908533161""","=""9781908533166""",4,3.81,"Atlantic Publishing, Croxley Green",Paperback,90,2012,1886,2017/12/31,2017/12/31,,,read,,,,1,,,0,,,,,
36222363,The Power,Naomi Alderman,"Alderman, Naomi",,"=""0316547603""","=""9780316547604""",0,3.84,Back Bay Books,Paperback,400,2019,2016,,2018/12/23,to-read,to-read (#43),to-read,,,,0,,,0,,,,,
32509990,George,Alex Gino,"Gino, Alex",,"=""8501077674""","=""9788501077677""",4,4.05,Galera Junior,Paperback,144,2016,2015,2018/12/23,2018/11/22,,,read,,,,1,,,0,,,,,
564758,Lost at Sea,Bryan Lee O'Malley,"O'Malley, Bryan Lee",,"=""1932664165""","=""9781932664164""",3,3.73,Oni Press,Paperback,160,2012,2003,2018/12/22,2018/12/22,,,read,,,,1,,,0,,,,,
13699726,1Q84,Haruki Murakami,"Murakami, Haruki",,"=""0345802934""","=""9780345802934""",3,3.92,Vintage,Paperback,1157,2012,2009,2018/12/22,2018/12/22,,,read,,,,1,,,0,,,,,
28676,American Psycho,Bret Easton Ellis,"Ellis, Bret Easton",,"=""0679735771""","=""9780679735779""",0,3.82,Vintage Contemporaries / Random House,Paperback,399,1991,1991,,2018/12/10,to-read,to-read (#42),to-read,,,,0,,,0,,,,,
7126,The Count of Monte Cristo,Alexandre Dumas,"Dumas, Alexandre",Robin Buss,"=""0140449264""","=""9780140449266""",0,4.24,Penguin Classics,Paperback,1276,2003,1844,,2018/12/10,to-read,to-read (#41),to-read,,,,0,,,0,,,,,
38902427,"I Might Regret This: Essays, Drawings, Vulnerabilities, and Other Stuff",Abbi Jacobson,"Jacobson, Abbi",,"=""1538713292""","=""9781538713297""",4,3.78,Grand Central Publishing,Hardcover,320,2018,2018,,2018/12/09,,,read,,,,1,,,0,,,,,
18770398,Night Film,Marisha Pessl,"Pessl, Marisha",,"=""0812979788""","=""9780812979787""",2,3.78,Random House Trade Paperbacks,Paperback,640,2014,2013,2018/12/09,2018/08/22,,,read,,,,1,,,0,,,,,
39089024,Why Women Have Better Sex Under Socialism: And Other Arguments for Economic Independence,Kristen R. Ghodsee,"Ghodsee, Kristen R.",,"=""1568588909""","=""9781568588902""",4,3.97,Bold Type Books,Hardcover,240,2018,2018,2018/12/08,2018/12/08,,,read,,,,1,,,0,,,,,
23128304,The Strange Library,Haruki Murakami,"Murakami, Haruki","Ted Goossen, Chip Kidd","=""0385354304""","=""9780385354301""",4,3.56,Knopf,Paperback,96,2014,2001,2018/12/04,2018/12/04,,,read,,,,1,,,0,,,,,
34530151,The Hate U Give,Angie Thomas,"Thomas, Angie",,"=""1406377287""","=""9781406377286""",5,4.52,Walker Books,Paperback,438,2017,2017,2018/12/03,2018/12/03,,,read,,,,1,,,0,,,,,
5470,1984,George Orwell,"Orwell, George",Erich Fromm,"=""""","=""""",5,4.18,New American Library,Mass Market Paperback,328,1950,1949,2017/02/01,2017/01/27,,,read,,,,1,,,0,,,,,
9549746,A Visit from the Goon Squad,Jennifer Egan,"Egan, Jennifer",,"=""0307477479""","=""9780307477477""",5,3.66,Anchor Books,Paperback,341,2011,2010,2018/11/29,2018/11/29,,,read,,,,1,,,0,,,,,
18406685,Moby-Dick,Herman Melville,"Melville, Herman",,"=""1626860572""","=""9781626860575""",0,3.49,Canterbury Classics,Flexibound,561,2014,1851,,2018/11/23,to-read,to-read (#40),to-read,,,,0,,,0,,,,,
36341204,What If It's Us,Becky Albertalli,"Albertalli, Becky",Adam Silvera,"=""0062795252""","=""9780062795250""",0,3.96,HarperTeen,Hardcover,437,2018,2018,,2018/11/22,to-read,to-read (#39),to-read,,,,0,,,0,,,,,
17899948,Rebecca,Daphne du Maurier,"Maurier, Daphne du",,"=""0316323705""","=""9780316323703""",0,4.22,"Little, Brown and Company",ebook,449,2013,1938,,2018/11/22,to-read,to-read (#38),to-read,,,,0,,,0,,,,,
30375706,Things We Lost in the Fire,Mariana Enríquez,"Enríquez, Mariana",Megan McDowell,"=""045149511X""","=""9780451495112""",5,4.02,Hogarth Press,Hardcover,208,2017,2016,2018/11/21,2018/11/21,,,read,,,,1,,,0,,,,,
26025580,The Grownup,Gillian Flynn,"Flynn, Gillian",,"=""0804188971""","=""9780804188975""",3,3.55,Crown,Hardcover,64,2015,2014,2018/11/13,2018/11/13,,,read,,,,1,,,0,,,,,
38458433,The Hole,José Revueltas,"Revueltas, José","Amanda Hopkinson, Sophie Hughes, Álvaro Enrigue","=""0811227782""","=""9780811227780""",3,3.87,New Directions,Paperback,80,2018,1969,2018/11/12,2018/11/12,,,read,,,,1,,,0,,,,,
1294692,I Shall Not Be Moved,Maya Angelou,"Angelou, Maya",,"=""0394586182""","=""9780394586182""",4,4.19,Random House,Hardcover,48,1990,1990,2018/11/05,2018/11/05,,,read,,,,1,,,0,,,,,
39929501,Citizen Illegal,José Olivarez,"Olivarez, José",,"=""1608469549""","=""9781608469543""",3,4.47,Haymarket Books,Paperback,69,2018,2018,2018/11/05,2018/11/05,,,read,,,,1,,,0,,,,,
38355410,Elevation,Stephen King,"King, Stephen",Mark Edward Geyer,"=""1982102314""","=""9781982102319""",4,3.68,Scribner ,Hardcover,146,2018,2018,2018/10/31,2018/10/31,,,read,,,,1,,,0,,,,,
26135825,Fun Home: A Family Tragicomic,Alison Bechdel,"Bechdel, Alison",,"=""0618871713""","=""9780618871711""",5,4.08,Mariner Books,Paperback,232,2007,2006,2018/10/27,2018/10/27,,,read,,,,1,,,0,,,,,
832794,Pet Sematary,Stephen King,"King, Stephen",,"=""""","=""""",4,3.98,Signet / Penguin Books,Mass Market Paperback,411,1984,1983,2018/10/24,2018/10/21,,,read,,,,1,,,0,,,,,
37490868,Foe,Iain Reid,"Reid, Iain",Jacques Roy,"=""1508245304""","=""9781508245308""",5,3.67,Simon  Schuster Audio,Audiobook,,2018,2018,2018/10/17,2018/10/17,,,read,,,,1,,,0,,,,,
39507318,The Library Book,Susan Orlean,"Orlean, Susan",,"=""1476740186""","=""9781476740188""",4,3.95,Simon & Schuster,Hardcover,336,2018,2018,2018/10/15,2018/10/11,,,read,,,,1,,,0,,,,,
3419610,The Man in the Picture,Susan Hill,"Hill, Susan",,"=""1590200918""","=""9781590200919""",4,3.59,Harry N. Abrams,Hardcover,145,2008,2007,2018/10/11,2018/10/10,,,read,,,,1,,,0,,,,,
286957,The Yellow Wall-Paper,Charlotte Perkins Gilman,"Gilman, Charlotte Perkins",Elaine Hedges,"=""1558611584""","=""9781558611580""",3,4.11,The Feminist Press at CUNY,Paperback,64,1996,1892,2018/04/10,2018/04/10,,,read,,,,1,,,0,,,,,
36348514,The Third Hotel,Laura van den Berg,"Berg, Laura van den",,"=""0374168350""","=""9780374168353""",3,3.25,"Farrar, Straus and Giroux",Hardcover,212,2018,2018,2018/08/12,2018/08/12,,,read,,,,1,,,0,,,,,
18196588,Three Scenarios In Which Hana Sasaki Grows A Tail,Kelly Luce,"Luce, Kelly",,"=""0989275914""","=""9780989275910""",3,4.31,A Strange Object,Paperback,137,2013,2013,2018/08/20,2018/08/20,,,read,,,,1,,,0,,,,,
37534894,The Chrysalis,Brendan Deneen,"Deneen, Brendan",,"=""076539555X""","=""9780765395559""",2,3.16,Tor Books,Hardcover,304,2018,2018,2018/10/09,2018/10/09,,,read,,,,1,,,0,,,,,
37880094,"The Lady's Guide to Petticoats and Piracy (Montague Siblings, #2)",Mackenzi Lee,"Lee, Mackenzi",,"=""0062795325""","=""9780062795328""",4,4.13,Katherine Tegen Books,Hardcover,450,2018,2018,2018/10/09,2018/08/22,,,read,,,,1,,,0,,,,,
36513009,When the Lights Go Out,Mary Kubica,"Kubica, Mary",,"=""""","=""""",3,3.19,Park Row,Kindle Edition,336,2018,2018,2018/09/30,2018/09/30,,,read,,,,1,,,0,,,,,
13113790,The Third Reich,Roberto Bolaño,"Bolaño, Roberto",Natasha Wimmer,"=""0330510541""","=""9780330510547""",4,3.50,Picador,Hardcover,277,2012,1989,2018/09/30,2018/08/23,,,read,,,,1,,,0,,,,,
30763882,Fever Dream,Samanta Schweblin,"Schweblin, Samanta",Megan McDowell,"=""0399184597""","=""9780399184598""",5,3.73,Riverhead Books,Hardcover,192,2017,2014,2018/09/25,2018/09/25,,,read,,,,1,,,0,,,,,
38255342,The Dark Descent of Elizabeth Frankenstein,Kiersten White,"White, Kiersten",,"=""0525577947""","=""9780525577942""",3,3.92,Delacorte Press,Hardcover,304,2018,2018,2018/09/24,2018/09/24,,,read,,,,1,,,0,,,,,
26247042,"Orange: The Complete Collection, Volume 2",Ichigo Takano,"Takano, Ichigo",Amber Tamosaitis,"=""1626922713""","=""9781626922716""",5,4.40,Seven Seas,Paperback,523,2016,2016,2018/09/18,2018/09/18,,,read,,,,1,,,0,,,,,
40545103,The Heathering,Heather Alexander,"Alexander, Heather",,"=""""","=""1110000290739""",1,1.00,big hug publishing,Unknown Binding,58,2018,2018,,2018/06/16,,,read,,,,1,,,0,,,,,
18774959,The Anatomy of Dreams,Chloe  Benjamin,"Benjamin, Chloe",,"=""1476761167""","=""9781476761169""",3,3.39,Atria Books,Paperback,320,2014,2014,2018/01/03,2018/01/03,,,read,,,,1,,,0,,,,,
2930299,The Lathe of Heaven,Ursula K. Le Guin,"Guin, Ursula K. Le",,"=""1416556966""","=""9781416556961""",5,4.11,Scribner,Paperback,184,2008,1971,2018/01/13,2018/01/12,,,read,,,,1,,,0,,,,,
27135622,Before,Carmen Boullosa,"Boullosa, Carmen",Peter Bush,"=""1941920284""","=""9781941920282""",2,3.56,Deep Vellum Publishing,Paperback,120,2016,1989,2018/02/08,2018/02/08,,,read,,,,1,,,0,,,,,
63029,Amulet,Roberto Bolaño,"Bolaño, Roberto",Chris    Andrews,"=""0811216640""","=""9780811216647""",4,3.78,New Directions,Hardcover,192,2007,1999,2018/05/28,2018/05/28,,,read,,,,1,,,0,,,,,
23250725,The Beauty,Aliya Whiteley,"Whiteley, Aliya",,"=""1907389237""","=""9781907389238""",4,3.67,Unsung Stories,Paperback,100,2014,2014,2018/05/22,2018/05/22,,,read,,,,1,,,0,,,,,
18616071,The Bird Eater,Ania Ahlborn,"Ahlborn, Ania",,"=""1480581054""","=""9781480581050""",1,3.48,Brilliance Audio,Audio CD,10,2014,2014,2018/07/02,2018/07/02,,,read,,,,1,,,0,,,,,
25667474,"Orange: The Complete Collection, Volume 1 (Orange: The Complete Collection, #1)",Ichigo Takano,"Takano, Ichigo","Lasse Christian Christiansen, Amber Tamosaitis","=""1626923027""","=""9781626923027""",4,4.43,Seven Seas,Paperback,523,2016,2016,,2018/08/22,,,read,,,,1,,,0,,,,,
26889743,The Joy of Leaving Your Sh*t All Over the Place: The Art of Being Messy,Jennifer McCartney,"McCartney, Jennifer",,"=""1581573871""","=""9781581573879""",3,3.56,Countryman Press,Hardcover,128,2016,2016,2018/08/16,2018/08/16,,,read,,,,1,,,0,,,,,
32871394,The Pisces,Melissa Broder,"Broder, Melissa",,"=""1524761559""","=""9781524761554""",4,3.23,Hogarth Press,Hardcover,270,2018,2018,2018/09/17,2018/09/17,,,read,,,,1,,,0,,,,,
28010270,"Frankenstein: Or, The Modern Prometheus",Mary Wollstonecraft Shelley,"Shelley, Mary Wollstonecraft",Francine Prose,"=""1632060787""","=""9781632060785""",5,3.79,Restless Books,Paperback,336,2016,1818,2018/09/13,2018/09/13,favorites,favorites (#6),read,,,,1,,,0,,,,,
33123801,Bloodline,Claudia Gray,"Gray, Claudia",,"=""1101965983""","=""9781101965986""",3,4.06,Del Rey,Mass Market Paperback,418,2016,2016,2018/09/10,2018/09/07,,,read,,,,1,,,0,,,,,
33375622,Her Body and Other Parties,Carmen Maria Machado,"Machado, Carmen Maria",,"=""155597788X""","=""9781555977887""",5,3.91,Graywolf Press,Paperback,248,2017,2017,2018/09/10,2018/09/10,,,read,,,,1,,,0,,,,,
37954228,Feminasty: The Complicated Woman's Guide to Surviving the Patriarchy Without Drinking Herself to Death,Erin Gibson,"Gibson, Erin",,"=""1455571865""","=""9781455571864""",5,4.10,Grand Central Publishing,Hardcover,288,2018,2018,2018/09/07,2018/09/07,,,read,,,,1,,,0,,,,,
13119746,The Hour of the Star,Clarice Lispector,"Lispector, Clarice","Benjamin Moser, Colm Tóibín","=""""","=""9780811219495""",4,3.99,New Directions,Paperback,81,2011,1977,2018/09/06,2018/09/06,,,read,,,,1,,,0,,,,,
41150906,The Order of Time,Carlo Rovelli,"Rovelli, Carlo",,"=""""","=""""",5,4.07,Penguin,Paperback,240,2018,2017,2018/09/06,2018/09/06,,,read,,,,1,,,0,,,,,
37959891,The Real Lolita: The Kidnapping of Sally Horner and the Novel that Scandalized the World,Sarah Weinman,"Weinman, Sarah",Cassandra Campbell,"=""0062661957""","=""9780062661951""",3,3.42,HarperAudio,Audiobook,,2018,2018,,2018/08/27,,,read,,,,1,,,0,,,,,
31451125,Isadora,Amelia Gray,"Gray, Amelia",,"=""0374279985""","=""9780374279981""",0,3.31,"Farrar, Straus and Giroux",Hardcover,400,2017,2017,,2018/08/26,to-read,to-read (#37),to-read,,,,0,,,0,,,,,
8356527,Museum of the Weird,Amelia Gray,"Gray, Amelia",,"=""1573661562""","=""9781573661560""",0,3.79,Fiction Collective 2,Paperback,176,2010,2010,,2018/08/26,to-read,to-read (#36),to-read,,,,0,,,0,,,,,
6123353,AM/PM,Amelia Gray,"Gray, Amelia",,"=""0977199274""","=""9780977199273""",0,3.95,Featherproof Books,Paperback,120,2009,2009,,2018/08/26,to-read,to-read (#35),to-read,,,,0,,,0,,,,,
31423222,"Erased, Volume 1",Kei Sanbe,"Sanbe, Kei",,"=""031655331X""","=""9780316553315""",4,4.31,Yen Press,Hardcover,384,2017,2017,2017/12/28,2017/12/28,,,read,,,,1,,,0,,,,,
37706929,His Favorites,Kate Walbert,"Walbert, Kate",,"=""1476799393""","=""9781476799391""",3,3.33,Scribner,Hardcover,160,2018,2018,2018/08/15,2018/08/15,,,read,,,,1,,,0,,,,,
29283884,"The Gentleman's Guide to Vice and Virtue (Montague Siblings, #1)",Mackenzi Lee,"Lee, Mackenzi",,"=""0062382802""","=""9780062382801""",5,4.14,Katherine Tegen Books,Hardcover,513,2017,2017,2018/08/06,2018/08/09,,,read,,,,1,,,0,,,,,
18545,Rosencrantz and Guildenstern Are Dead,Tom Stoppard,"Stoppard, Tom",,"=""0802132758""","=""9780802132758""",5,4.06,Grove Press,Paperback,126,1994,1966,,2018/08/10,,,read,,,,1,,,0,,,,,
1423,The Compleat Works of Wllm Shkspr (abridged),Reduced Shakespeare Company,"Company, Reduced Shakespeare","Jess Borgeson, Adam Long, Daniel Singer, Jess Winfield","=""1557831572""","=""9781557831576""",5,4.44,Applause Books,Hardcover,137,1994,2000,,2018/08/10,,,read,,,,1,,,0,,,,,
36430596,"The Descent of Monsters (Tensorate, #3)",J.Y.  Yang,"Yang, J.Y.",,"=""1250165857""","=""9781250165855""",3,3.93,Tor.com,Paperback,160,2018,2018,2018/07/31,2018/07/31,,,read,,,,1,,,0,,,,,
35511975,84K,Claire North,"North, Claire",,"=""0356507378""","=""9780356507378""",4,3.29,Orbit,Hardcover,480,2018,2018,2018/07/23,2018/07/23,,,read,,,,1,,,0,,,,,
26889792,Revulsion: Thomas Bernhard in San Salvador,Horacio Castellanos Moya,"Moya, Horacio Castellanos",Lee Klein,"=""0811225399""","=""9780811225397""",4,3.94,New Directions,Paperback,128,2016,1996,2018/07/02,2018/07/02,,,read,,,,1,,,0,,,,,
18280791,Battle Royale,Koushun Takami,"Takami, Koushun",Nathan Collins,"=""1421565986""","=""9781421565989""",5,4.23,Haikasoru,Paperback,647,2014,1999,2018/06/24,2018/06/18,favorites,favorites (#5),read,,,,1,,,0,,,,,
98960,The Yellow Arrow,Victor Pelevin,"Pelevin, Victor",Andrew Bromfield,"=""0811213552""","=""9780811213554""",4,4.10,New Directions,Paperback,92,2009,1993,2018/06/17,2018/06/17,,,read,,,,1,,,0,,,,,
89724,We Have Always Lived in the Castle,Shirley Jackson,"Jackson, Shirley",Jonathan Lethem,"=""0143039970""","=""9780143039976""",4,4.00,Penguin Books,Paperback,146,2006,1962,2018/06/16,2018/06/16,,,read,,,,1,,,0,,,,,
36580693,A Quick & Easy Guide to They/Them Pronouns,Archie Bongiovanni,"Archie Bongiovanni, Archie Bongiovanni",Tristan Jimerson,"=""1620104997""","=""9781620104996""",5,4.33,Limerence Press,Paperback,64,2018,2018,2018/06/16,2018/06/16,,,read,,,,1,,,0,,,,,
22237153,Gutshot,Amelia Gray,"Gray, Amelia",,"=""0374175446""","=""9780374175443""",5,3.66,Fsg Originals,Paperback,209,2015,2015,2018/06/08,2018/06/08,,,read,,,,1,,,0,,,,,
36124936,The Outsider,Stephen King,"King, Stephen",,"=""1501180983""","=""9781501180989""",4,4.00,Scribner,Hardcover,561,2018,2018,2018/06/05,2018/06/05,,,read,,,,1,,,0,,,,,
18075234,Challenger Deep,Neal Shusterman,"Shusterman, Neal",,"=""""","=""""",0,4.14,HarperCollins,Kindle Edition,320,2015,2015,,2018/05/28,to-read,to-read (#34),to-read,,,,0,,,0,,,,,
18511,"The Two Towers (The Lord of the Rings, #2)",J.R.R. Tolkien,"Tolkien, J.R.R.",,"=""""","=""""",3,4.44,Del Rey,Mass Market Paperback,398,1986,1954,2003/01/01,2016/10/23,,,read,,,,1,,,0,,,,,
30983478,"The Gunslinger (The Dark Tower, #1)",Stephen King,"King, Stephen",,"=""1501161806""","=""9781501161803""",3,3.96,Pocket Books,Mass Market Paperback,327,2016,1982,2018/04/29,2018/04/29,,,read,,,,1,,,0,,,,,
11235707,Something Fierce: Memoirs of a Revolutionary Daughter,Carmen Aguirre,"Aguirre, Carmen",,"=""1553654625""","=""9781553654629""",4,3.87,Douglas & McIntyre,Hardcover,277,2011,2011,2018/04/27,2018/04/27,,,read,,,,1,,,0,,,,,
370868,"They're Cows, We're Pigs",Carmen Boullosa,"Boullosa, Carmen",Leland H. Chambers,"=""0802137865""","=""9780802137869""",3,2.96,Grove Press,Paperback,192,2001,1997,2018/04/15,2018/04/15,,,read,,,,1,,,0,,,,,
1433,Hamlet,William Shakespeare,"Shakespeare, William","Stephen Orgel, A.R. Braunmuller","=""0140714545""","=""9780140714548""",5,4.02,Penguin Books,Paperback,148,2001,1603,2010/01/01,2016/10/26,,,read,,,,1,,,0,,,,,
15818410,"The Prisoner of Heaven (The Cemetery of Forgotten Books, #3)",Carlos Ruiz Zafón,"Zafón, Carlos Ruiz",Lucia Graves,"=""006220629X""","=""9780062206299""",3,4.01,Harper Perennial,Paperback,278,2013,2011,2013/01/01,2016/10/22,,,read,,,,1,,,0,,,,,
7380399,"The Angel's Game (The Cemetery of Forgotten Books, #2)",Carlos Ruiz Zafón,"Zafón, Carlos Ruiz",Lucia Graves,"=""0767931114""","=""9780767931113""",4,3.91,Anchor Books,Paperback,531,2010,2008,2012/01/01,2016/10/22,,,read,,,,1,,,0,,,,,
331070,The Stranger,Albert Camus,"Camus, Albert",Matthew    Ward,"=""0881032476""","=""9780881032475""",3,3.97,Vintage International,Paperback,123,1989,1942,2004/01/01,2016/10/22,,,read,,,,1,,,0,,,,,
15881,"Harry Potter and the Chamber of Secrets (Harry Potter, #2)",J.K. Rowling,"Rowling, J.K.",Mary GrandPré,"=""0439064864""","=""9780439064866""",2,4.41,Arthur A. Levine Books / Scholastic Inc.,Hardcover,341,1999,1998,2000/01/01,2016/10/23,,,read,,,,1,,,0,,,,,
262304,The Wild Party,Joseph Moncure March,"March, Joseph Moncure",Art Spiegelman,"=""0375706437""","=""9780375706431""",3,4.11,Pantheon,Paperback,112,1999,1928,2006/01/01,2016/10/22,,,read,,,,1,,,0,,,,,
231614,"Night (The Night Trilogy, #1)",Elie Wiesel,"Wiesel, Elie","Robert McAfee Brown, François Mauriac, Stella Rodway","=""0553272535""","=""9780553272536""",3,4.32,Bantam Books,Mass Market Paperback,109,1986,1956,2004/01/01,2016/10/26,,,read,,,,1,,,0,,,,,
7140092,The Metal Children: A Play,Adam Rapp,"Rapp, Adam",,"=""0865479240""","=""9780865479241""",3,3.67,"Farrar, Straus and Giroux",Paperback,128,2010,2010,2015/01/01,2016/11/14,,,read,,,,1,,,0,,,,,
90983,Stone Cold Dead Serious: And Other Plays,Adam Rapp,"Rapp, Adam",,"=""0571211399""","=""9780571211395""",3,3.67,"Farrar, Straus and Giroux",Paperback,256,2004,2004,2012/01/01,2016/11/14,,,read,,,,1,,,0,,,,,
133974,The Pillowman,Martin McDonagh,"McDonagh, Martin",,"=""0571220320""","=""9780571220328""",5,4.35,Faber  Faber,Paperback,104,2003,2003,2007/01/01,2016/10/22,,,read,,,,1,,,0,,,,,
37449,"To Kill a Mockingbird (To Kill a Mockingbird, #1)",Harper Lee,"Lee, Harper",,"=""1439550417""","=""9781439550410""",3,4.27,Warner Books,Hardcover,376,1982,1960,2002/01/01,2016/10/23,,,read,,,,1,,,0,,,,,
10592,Carrie,Stephen King,"King, Stephen",,"=""1416524304""","=""9781416524304""",4,3.95,Pocket Books,Mass Market Paperback,253,2005,1974,2004/01/01,2017/01/08,,,read,,,,1,,,0,,,,,
231804,The Outsiders,S.E. Hinton,"Hinton, S.E.",,"=""""","=""""",3,4.09,Puffin Books (US/CAN),Mass Market Paperback,192,1997,1967,2001/01/01,2016/11/10,,,read,,,,1,,,0,,,,,
15196,"Maus I: A Survivor's Tale: My Father Bleeds History (Maus, #1)",Art Spiegelman,"Spiegelman, Art",,"=""0394541553""","=""9780394541556""",3,4.34,Pantheon Books,Hardcover,159,1991,1985,2002/01/01,2016/10/22,,,read,,,,1,,,0,,,,,
18510,"The Fellowship of the Ring (The Lord of the Rings, #1)",J.R.R. Tolkien,"Tolkien, J.R.R.",,"=""""","=""""",4,4.36,Del Rey Books,Mass Market Paperback,458,2000,1954,2002/01/01,2016/10/23,,,read,,,,1,,,0,,,,,
1635027,Animal Farm,George Orwell,"Orwell, George","Russell Baker, C.M. Woodhouse","=""0451519000""","=""9780451519009""",3,3.92,Signet Classics,Paperback,140,1956,1945,2003/01/01,2016/10/22,,,read,,,,1,,,0,,,,,
5,"Harry Potter and the Prisoner of Azkaban (Harry Potter, #3)",J.K. Rowling,"Rowling, J.K.",Mary GrandPré,"=""043965548X""","=""9780439655484""",3,4.56,Scholastic Inc.,Mass Market Paperback,435,2004,1999,2000/01/01,2016/10/23,,,read,,,,1,,,0,,,,,
6,"Harry Potter and the Goblet of Fire (Harry Potter, #4)",J.K. Rowling,"Rowling, J.K.",Mary GrandPré,"=""""","=""""",4,4.55,Scholastic,Paperback,734,2002,2000,2000/01/01,2016/10/23,,,read,,,,1,,,0,,,,,
3636,"The Giver (The Giver, #1)",Lois Lowry,"Lowry, Lois",,"=""0385732554""","=""9780385732550""",5,4.13,Ember,Paperback,208,2006,1993,2000/01/01,2017/02/22,,,read,,,,1,,,0,,,,,
18512,"The Return of the King (The Lord of the Rings, #3)",J.R.R. Tolkien,"Tolkien, J.R.R.",,"=""""","=""""",3,4.53,Del Rey,Mass Market Paperback,490,2003,1955,2003/01/01,2016/10/23,,,read,,,,1,,,0,,,,,
1167532,Lord of the Flies,William Golding,"Golding, William",,"=""3125738040""","=""9783125738041""",3,3.68,Perigee,Mass Market Paperback,190,2006,1954,2002/01/01,2016/10/23,,,read,,,,1,,,0,,,,,
6394370,The She-Devil in the Mirror,Horacio Castellanos Moya,"Moya, Horacio Castellanos",Katherine Silver,"=""0811218465""","=""9780811218467""",5,3.76,New Directions,Paperback,192,2009,2000,2018/04/27,2017/04/30,,,read,,,,1,,,0,,,,,
119427,The Secret Diary of Laura Palmer,Jennifer   Lynch,"Lynch, Jennifer",,"=""067173590X""","=""9780671735906""",3,3.61,Pocket,Paperback,184,1990,1990,2018/04/18,2016/10/23,,,read,,,,1,,,0,,,,,
337907,House of Leaves,Mark Z. Danielewski,"Danielewski, Mark Z.",,"=""0375703764""","=""9780375703768""",5,4.10,Pantheon Books,Paperback,709,2000,2000,2018/02/15,2018/02/15,,,read,,,,1,,,0,,,,,
25667918,"Binti (Binti, #1)",Nnedi Okorafor,"Okorafor, Nnedi",,"=""0765384469""","=""9780765384461""",4,3.94,Tor.com,ebook,96,2015,2015,2018/02/05,2018/02/05,,,read,,,,1,,,0,,,,,
34860402,"Leia: Princess of Alderaan (Journey to Star Wars: The Last Jedi, #3)",Claudia Gray,"Gray, Claudia",,"=""1484780787""","=""9781484780787""",4,4.13,Disney Lucasfilm Press,Hardcover,409,2017,2017,2018/01/29,2018/01/29,,,read,,,,1,,,0,,,,,
33275967,In a Lonely Place,Dorothy B. Hughes,"Hughes, Dorothy B.",,"=""1681371472""","=""9781681371474""",5,4.06,New York Review of Books,Paperback,198,2017,1947,2018/01/24,2017/11/10,,,read,,,,1,,,0,,,,,
11982625,Threats,Amelia Gray,"Gray, Amelia",,"=""0374533075""","=""9780374533076""",5,3.02,FSG Originals,Paperback,278,2012,2012,2018/01/07,2017/11/13,favorites,favorites (#4),read,,,,1,,,0,,,,,
35397307,Spaceman of Bohemia,Jaroslav Kalfar,"Kalfar, Jaroslav",,"=""0316273449""","=""9780316273442""",0,3.83,Back Bay Books,Paperback,288,2018,2017,,2018/01/13,to-read,to-read (#33),to-read,,,,0,,,0,,,,,
2294528,"Howl's Moving Castle (Howl's Moving Castle, #1)",Diana Wynne Jones,"Jones, Diana Wynne",,"=""0061478784""","=""9780061478789""",4,4.30,Greenwillow Books,Paperback,429,2008,1986,,2018/01/12,,,read,,,,1,,,0,,,,,
5107,The Catcher in the Rye,J.D. Salinger,"Salinger, J.D.",,"=""0316769177""","=""9780316769174""",5,3.80,Back Bay Books,Paperback,277,2001,1951,2006/11/01,2016/10/22,,,read,,,,1,,,0,,,,,
30288282,The Immortalists,Chloe  Benjamin,"Benjamin, Chloe",,"=""0735213186""","=""9780735213180""",0,3.72,G.P. Putnam's Sons,Hardcover,346,2018,2018,,2018/01/03,to-read,to-read (#32),to-read,,,,0,,,0,,,,,
18470088,"Between Parentheses: Essays, Articles And Speeches, 1998-2003",Roberto Bolaño,"Bolaño, Roberto",Natasha Wimmer,"=""0811222721""","=""9780811222723""",5,4.18,New Directions,Paperback,400,2014,2004,2017/12/18,2017/11/08,,,read,,,,1,,,0,,,,,
13113277,The Femicide Machine,Sergio González Rodríguez,"Rodríguez, Sergio González",Michael Parker-Stainback,"=""1584351101""","=""9781584351108""",0,4.03,Semiotext(e),Paperback,135,2012,2002,,2017/12/13,to-read,to-read (#31),to-read,,,,0,,,0,,,,,
34550479,Return to the Dark Valley,Santiago Gamboa,"Gamboa, Santiago",Howard Curtis,"=""1609454251""","=""9781609454258""",3,4.01,Europa Editions,Paperback,461,2017,2016,2017/12/11,2017/11/27,,,read,,,,1,,,0,,,,,
16002089,"Doubt, Vol. 1",Yoshiki Tonogai,"Tonogai, Yoshiki",,"=""0316245305""","=""9780316245302""",3,3.95,Yen Press,Paperback,400,2013,2014,2017/07/16,2017/07/16,,,read,,,,1,,,0,,,,,
30139736,"The Girl from the Other Side: Siúil, A Rún, Volume 1",Nagabe,"Nagabe, Nagabe","Adrienne Beck, Lys Blakeslee","=""1626924678""","=""9781626924673""",4,4.09,Seven Seas,Paperback,180,2017,2016,2017/12/09,2017/12/09,,,read,,,,1,,,0,,,,,
9813753,The Stand,Stephen King,"King, Stephen",,"=""0307743683""","=""9780307743688""",3,4.34,Anchor Books,Mass Market Paperback,1440,2011,1978,2017/11/25,2017/10/29,,,read,,,,1,,,0,,,,,
5216342,The Anatomy of Story: 22 Steps to Becoming a Master Storyteller,John Truby,"Truby, John",,"=""0865479933""","=""9780865479937""",0,4.28,"Farrar, Straus and Giroux",Paperback,445,2008,2007,,2017/04/17,to-read,to-read (#30),to-read,,,,0,,,0,,,,,
12384322,Narcopolis,Jeet Thayil,"Thayil, Jeet",,"=""0571275761""","=""9780571275762""",3,3.35,Faber & Faber,Paperback,292,2012,2012,2017/12/04,2017/10/28,,,read,,,,1,,,0,,,,,
13436384,"Prince of the Elves (Amulet, #5)",Kazu Kibuishi,"Kibuishi, Kazu",,"=""0545208890""","=""9780545208895""",3,4.38,Graphix,Paperback,203,2012,2012,2017/11/30,2017/04/22,,,read,,,,1,,,0,,,,,
10915347,Tres,Roberto Bolaño,"Bolaño, Roberto",Laura Healy,"=""0811219275""","=""9780811219273""",3,3.82,New Directions,Hardcover,176,2011,2000,2017/11/21,2017/11/08,,,read,,,,1,,,0,,,,,
2865597,Aristotle's Poetics,Francis Fergusson,"Fergusson, Francis",,"=""1417769068""","=""9781417769063""",3,3.78,Turtleback Books,Hardcover,0,1961,1961,2017/11/21,2017/11/21,,,read,,,,1,,,0,,,,,
22884045,Suspicious River,Laura Kasischke,"Kasischke, Laura",,"=""""","=""""",0,3.66,Houghton Mifflin Harcourt,Kindle Edition,288,2014,1996,,2017/11/18,to-read,to-read (#29),to-read,,,,0,,,0,,,,,
281954,"Redwall (Redwall, #1)",Brian Jacques,"Jacques, Brian",,"=""0441005489""","=""9780441005482""",3,4.12,Ace Books,Mass Market Paperback,333,1997,1986,,2017/11/12,,,read,,,,1,,,0,,,,,
92254,Perestroika (Angels in America #2),Tony Kushner,"Kushner, Tony",,"=""1559360739""","=""9781559360739""",4,4.25,Theatre Communications Group,Paperback,158,1993,1993,2017/11/12,2017/11/12,,,read,,,,1,,,0,,,,,
10537195,"The Last Council (Amulet, #4)",Kazu Kibuishi,"Kibuishi, Kazu",,"=""0545208874""","=""9780545208871""",4,4.39,Graphix,Paperback,219,2011,2011,2017/11/12,2017/04/22,,,read,,,,1,,,0,,,,,
5085626,Nazi Literature in the Americas,Roberto Bolaño,"Bolaño, Roberto",Chris    Andrews,"=""0811217949""","=""9780811217941""",3,3.87,New Directions,Paperback,240,2009,1996,2017/11/10,2016/11/20,,,read,,,,1,,,0,,,,,
34735012,Ask: Building Consent Culture,Kitty Stryker,"Stryker, Kitty","Laurie Penny, Carol Queen, Virgie Tovar, Roz Kaveney, Jiz Lee, JoEllen Notte, A.V. Flox, Porscha Coleman, Richard Wright, Shawn Taylor, Cherry Zonkowski, Alex Dymock, Navarre Overton, Tobi Hill-Meyer, Cameryn Moore, Eve Rickert, Franklin Veaux, Akilah S. Richards, Laura Kate, Takeallah Rivera, Jetta Rae, Kate Fractal, Cinnamon Maxxine, Zev Ubu, Sez Thomasin","=""1944934251""","=""9781944934255""",4,4.16,Thorntree Press,Paperback,224,2017,2017,2017/11/03,2017/10/29,,,read,,,,1,,,0,,,,,
787562,An Open Life: Joseph Campbell in Conversation with Michael Toms,Joseph Campbell,"Campbell, Joseph",Michael Toms,"=""0060972955""","=""9780060972950""",3,4.25,Harper Perennial,paper,144,1990,1988,,2017/11/01,,,read,,,,1,,,0,,,,,
27310413,Roberto Bola�o's Fiction: An Expanding Universe,Chris    Andrews,"Andrews, Chris",,"=""0231168071""","=""9780231168076""",0,3.86,Columbia University Press,Paperback,304,2015,2014,,2017/05/03,to-read,to-read (#28),to-read,,,,0,,,0,,,,,
778304,How to Write,Gertrude Stein,"Stein, Gertrude",,"=""0486231445""","=""9780486231440""",0,4.02,Dover Publications,Paperback,414,1975,1931,,2017/10/29,to-read,to-read (#27),to-read,,,,0,,,0,,,,,
3424994,The Romantic Dogs,Roberto Bolaño,"Bolaño, Roberto",Laura Healy,"=""0811218015""","=""9780811218016""",4,3.90,New Directions,Paperback,154,2008,1993,2017/10/28,2016/11/20,,,read,,,,1,,,0,,,,,
193786,Last Evenings on Earth,Roberto Bolaño,"Bolaño, Roberto",,"=""1843431815""","=""9781843431817""",4,4.11,Harvill Secker,Hardcover,288,2007,2006,2017/10/25,2016/11/20,,,read,,,,1,,,0,,,,,
6589311,Dance with Snakes,Horacio Castellanos Moya,"Moya, Horacio Castellanos",Lee Paula Springer,"=""189723161X""","=""9781897231616""",4,3.61,Biblioasis,Paperback,175,2009,1996,2017/10/27,2017/10/27,,,read,,,,1,,,0,,,,,
18470089,The Secret of Evil,Roberto Bolaño,"Bolaño, Roberto","Natasha Wimmer, Chris    Andrews","=""081122273X""","=""9780811222730""",3,3.66,New Directions,Paperback,160,2014,2007,2017/10/25,2016/11/20,,,read,,,,1,,,0,,,,,
27311,A Short History of Myth,Karen Armstrong,"Armstrong, Karen",,"=""184195800X""","=""9781841958002""",3,3.68,Canongate U.S.,Paperback,176,2006,2004,2017/10/25,2017/10/25,,,read,,,,1,,,0,,,,,
31072,Under the Volcano,Malcolm Lowry,"Lowry, Malcolm",,"=""0060955228""","=""9780060955229""",0,3.79,Harper Perennial,Paperback,397,2000,1947,,2017/09/02,to-read,to-read (#26),to-read,,,,0,,,0,,,,,
25733990,"Sleeping Giants (Themis Files, #1)",Sylvain Neuvel,"Neuvel, Sylvain",,"=""1101886692""","=""9781101886694""",0,3.84,Del Rey,Hardcover,320,2016,2016,,2017/08/04,to-read,to-read (#25),to-read,,,,0,,,0,,,,,
16131106,"Doubt, Vol. 2",Yoshiki Tonogai,"Tonogai, Yoshiki",,"=""0316245313""","=""9780316245319""",1,3.93,Yen Press,Paperback,448,2013,2013,2017/08/01,2017/08/03,,,read,,,,1,,,0,,,,,
1004391,The Helmet of Horror,Victor Pelevin,"Pelevin, Victor",Andrew Bromfield,"=""1841957607""","=""9781841957609""",5,3.43,Canongate U.S.,Hardcover,274,2006,2005,2017/08/03,2017/08/03,,,read,,,,1,,,0,,,,,
102868,"A Study in Scarlet (Sherlock Holmes, #1)",Arthur Conan Doyle,"Doyle, Arthur Conan",,"=""1420925539""","=""9781420925531""",4,4.16,Digireads.com,Paperback,123,2005,1887,2017/08/03,2017/07/27,,,read,,,,1,,,0,,,,,
16071889,Utsubora: The Story of a Novelist,Asumiko Nakamura,"Nakamura, Asumiko",Yoshito Hinton,"=""1935654764""","=""9781935654766""",4,3.86,Vertical,Paperback,460,2013,2010,2017/07/27,2017/07/26,,,read,,,,1,,,0,,,,,
92250,Millennium Approaches (Angels in America #1),Tony Kushner,"Kushner, Tony",,"=""1559360615""","=""9781559360616""",4,4.28,Theatre Communications Group,Paperback,119,1993,1992,2017/07/26,2017/07/26,,,read,,,,1,,,0,,,,,
29430798,The Devil Crept In,Ania Ahlborn,"Ahlborn, Ania",,"=""1476783756""","=""9781476783758""",3,3.62,Gallery Books,Paperback,374,2017,2017,2017/07/23,2017/07/16,,,read,,,,1,,,0,,,,,
25816688,The Fireman,Joe Hill,"Hill, Joe",,"=""0062200631""","=""9780062200631""",0,3.89,William Morrow,Hardcover,752,2016,2016,,2017/07/19,to-read,to-read (#24),to-read,,,,0,,,0,,,,,
27877138,It,Stephen King,"King, Stephen",,"=""1501142976""","=""9781501142970""",5,4.24,Scribner,Paperback,1156,2016,1986,2017/06/27,2017/04/22,favorites,favorites (#3),read,,,,1,,,0,,,,,
16175991,Monsieur Pain,Roberto Bolaño,"Bolaño, Roberto",Chris    Andrews,"=""0811220559""","=""9780811220552""",4,3.36,New Directions,ebook,144,2012,1999,2017/07/16,2017/07/16,,,read,,,,1,,,0,,,,,
23493272,The Return,Roberto Bolaño,"Bolaño, Roberto",,"=""""","=""9780330510615""",4,4.02,Picador,Paperback,199,2014,2010,2017/07/04,2016/11/20,,,read,,,,1,,,0,,,,,
22405654,The Dream of My Return,Horacio Castellanos Moya,"Moya, Horacio Castellanos",Katherine Silver,"=""0811223434""","=""9780811223430""",3,3.76,New Directions,Paperback,136,2015,2013,2017/06/29,2017/06/29,,,read,,,,1,,,0,,,,,
20181,Plot & Structure: Techniques and Exercises for Crafting a Plot That Grips Readers from Start to Finish,James Scott Bell,"Bell, James Scott",,"=""158297294X""","=""9781582972947""",4,4.10,Writer's Digest Books,Paperback,234,2004,2004,2015/01/01,2017/01/19,,,read,,,,1,,,0,,,,,
29609473,The Insufferable Gaucho,Roberto Bolaño,"Bolaño, Roberto",Chris    Andrews,"=""""","=""9780330510639""",3,3.83,Picador,Paperback,164,2015,2003,2017/06/11,2017/06/08,,,read,,,,1,,,0,,,,,
254811,On Directing,Harold Clurman,"Clurman, Harold",,"=""0684826224""","=""9780684826226""",0,3.95,Simon  Schuster,Paperback,336,1997,1387,2014/06/01,2017/01/19,,,read,,,,1,,,0,,,,,
9730821,The Skating Rink,Roberto Bolaño,"Bolaño, Roberto",Chris    Andrews,"=""0330510533""","=""9780330510530""",3,3.68,Picador USA,Paperback,182,2011,1993,2017/05/26,2016/11/20,,,read,,,,1,,,0,,,,,
117833,The Master and Margarita,Mikhail Bulgakov,"Bulgakov, Mikhail","Katherine Tiernan O'Connor, Ellendea Proffer, Diana Lewis Burgin","=""0679760806""","=""9780679760801""",0,4.30,Vintage International,Paperback,335,1996,1967,,2017/05/21,to-read,to-read (#23),to-read,,,,0,,,0,,,,,
1657885,Wild at Heart,Barry Gifford,"Gifford, Barry",,"=""0679734392""","=""9780679734390""",4,3.78,Vintage,Paperback,159,1990,1990,2017/05/16,2017/05/15,,,read,,,,1,,,0,,,,,
6080337,"The Year of the Flood  (MaddAddam, #2)",Margaret Atwood,"Atwood, Margaret",,"=""0385528779""","=""9780385528771""",4,4.07,Doubleday Nan A. Talese,Hardcover,431,2009,2009,2017/05/15,2017/04/22,,,read,,,,1,,,0,,,,,
7955881,"The Cloud Searchers (Amulet, #3)",Kazu Kibuishi,"Kibuishi, Kazu",,"=""0545208858""","=""9780545208857""",3,4.36,Graphix,Paperback,203,2010,2010,,2017/04/22,,,read,,,,1,,,0,,,,,
1238684,"The Stonekeeper (Amulet, #1)",Kazu Kibuishi,"Kibuishi, Kazu",,"=""0439846803""","=""9780439846806""",4,4.15,Graphix,Hardcover,192,2008,2008,2017/04/17,2017/04/17,,,read,,,,1,,,0,,,,,
13513471,The Third Reich,Roberto Bolaño,"Bolaño, Roberto",Natasha Wimmer,"=""1250013933""","=""9781250013934""",5,3.50,Picador USA,Paperback,277,2012,1989,2017/04/29,2016/11/20,,,read,,,,1,,,0,,,,,
30753330,Different Seasons: Four Novellas,Stephen King,"King, Stephen",,"=""1501156764""","=""9781501156762""",0,4.35,Pocket Books,Paperback,671,2017,1982,,2017/04/22,to-read,to-read (#1),to-read,,,,0,,,0,,,,,
567678,The Wasp Factory,Iain Banks,"Banks, Iain",,"=""0684853159""","=""9780684853154""",0,3.85,Simon & Schuster (NYC),Paperback,192,1998,1984,,2017/04/24,to-read,to-read (#22),to-read,,,,0,,,0,,,,,
6334,Never Let Me Go,Kazuo Ishiguro,"Ishiguro, Kazuo",,"=""1400078776""","=""9781400078776""",0,3.82,Vintage Books ,Paperback,288,2010,2005,,2017/04/24,to-read,to-read (#21),to-read,,,,0,,,0,,,,,
2313302,Amulet,Roberto Bolaño,"Bolaño, Roberto",,"=""0811217469""","=""9780811217460""",3,3.78,New Directions,Paperback,184,2008,1999,2017/04/24,2016/11/20,,,read,,,,1,,,0,,,,,
46756,"Oryx and Crake (MaddAddam, #1)",Margaret Atwood,"Atwood, Margaret",,"=""0385721676""","=""9780385721677""",4,4.01,Anchor Books,Paperback,389,2004,2003,2017/04/22,2017/03/22,,,read,,,,1,,,0,,,,,
6277410,"The Stonekeeper's Curse (Amulet, #2)",Kazu Kibuishi,"Kibuishi, Kazu",,"=""0439846838""","=""9780439846837""",4,4.33,Graphix,Paperback,220,2009,2009,2017/04/22,2017/04/17,,,read,,,,1,,,0,,,,,
29857703,By Night in Chile,Roberto Bolaño,"Bolaño, Roberto",,"=""""","=""""",3,3.86,New Directions ,Paperback,128,2003,2002,2016/11/28,2016/11/18,,,read,,,,1,,,0,,,,,
6559587,"The Disorganized Mind: Coaching Your ADHD Brain to Take Control of Your Time, Tasks, and Talents",Nancy A. Ratey,"Ratey, Nancy A.",,"=""0312355343""","=""9780312355340""",1,3.98,St. Martin's Griffin,Paperback,283,2008,2008,2017/01/22,2016/12/27,,,read,"While there are many good strategies and ideas presented, often times it seemed the solutions offered were to hire someone else to do something you had trouble with. Not everyone can afford this, which is why we bought the book instead of hiring a coach.<br/><br/>I found Part I and Part III the most helpful. ",,,1,,,0,,,,,
28692097,Overcoming Distractions: Thriving with Adult ADD/ADHD,David A. Greenwood,"Greenwood, David A.",,"=""1454920769""","=""9781454920762""",2,3.25,Sterling,Paperback,208,2016,,2016/12/22,2016/12/21,,,read,,,,1,,,0,,,,,
761381,The Halloween Tree,Ray Bradbury,"Bradbury, Ray",,"=""0375803017""","=""9780375803017""",3,3.84,Yearling,Paperback,145,1999,1972,2015/02/01,2016/10/22,,,read,,,,1,,,0,,,,,
29780072,"Superbetter: A Revolutionary Approach to Getting Stronger, Happier, Braver and More Resilient",Jane McGonigal,"McGonigal, Jane",,"=""0143194658""","=""9780143194651""",3,4.00,Penguin Books Canada,Paperback,400,2016,2015,2016/10/01,2016/10/22,,,read,,,,1,,,0,,,,,
210986,The Viewpoints Book: A Practical Guide to Viewpoints and Composition,Anne Bogart,"Bogart, Anne",Tina Landau,"=""1559362413""","=""9781559362412""",4,4.27,Theatre Communications Group,Paperback,240,2004,2004,2016/10/31,2016/10/28,,,read,,,,1,,,0,,,,,
7252871,Sixty Miles to Silver Lake,Dan LeFranc,"LeFranc, Dan",,"=""0573696675""","=""9780573696671""",4,3.61,"Samuel French, Inc.",Paperback,100,2009,2009,2016/01/01,2016/11/30,,,read,,,,1,,,0,,,,,
77522,"Harry Potter and the Order of the Phoenix (Harry Potter, #5)",J.K. Rowling,"Rowling, J.K.",Mary GrandPré,"=""043935806X""","=""9780439358064""",0,4.49,Arthur A. Levine Books / Scholastic Inc.,Hardcover,870,2003,2003,,2017/03/22,to-read,to-read (#20),to-read,,,,0,,,0,,,,,
278081,Everyone's Pretty,Lydia Millet,"Millet, Lydia",,"=""1932360778""","=""9781932360776""",0,3.55,Soft Skull Press,Paperback,200,2005,2005,,2017/03/22,to-read,to-read (#19),to-read,,,,0,,,0,,,,,
51827,Alias Grace,Margaret Atwood,"Atwood, Margaret",,"=""0385490445""","=""9780385490443""",0,4.03,Anchor Books,Paperback,468,1997,1996,,2017/03/22,to-read,to-read (#18),to-read,,,,0,,,0,,,,,
25820255,Infinite Jest,David Foster Wallace,"Wallace, David Foster",,"=""0316306053""","=""9780316306058""",0,4.29,Back Bay Books,Paperback,1079,2016,1996,,2017/01/05,to-read,to-read (#17),to-read,,,,0,,,0,,,,,
17601,"The Will to Change: Men, Masculinity, and Love",bell hooks,"hooks, bell",,"=""0743456084""","=""9780743456081""",5,4.35,Washington Square Press,Paperback,188,2004,2003,2017/03/21,2017/02/11,,,read,Required Reading.,,,1,,,0,,,,,
200137,Ethics for the New Millennium,Dalai Lama XIV,"XIV, Dalai Lama",,"=""1573228834""","=""9781573228831""",0,4.18,Riverhead Books,Paperback,237,2001,1999,,2017/03/16,to-read,to-read (#16),to-read,,,,0,,,0,,,,,
182332,"The Blue Girl (Newford, #15)",Charles de Lint,"Lint, Charles de",,"=""0142405450""","=""9780142405451""",2,3.93,Firebird,Paperback,368,2006,2004,2017/03/12,2016/10/22,,,read,,,,1,,,0,,,,,
17355,The Illustrated A Brief History of Time,Stephen Hawking,"Hawking, Stephen",,"=""0593040597""","=""9780593040591""",5,4.17,Bantam,Hardcover,259,1997,1988,2017/03/09,2016/10/26,,,read,,,,1,,,0,,,,,
10832079,The Accidental Creative: How to Be Brilliant at a Moment's Notice,Todd Henry,"Henry, Todd",,"=""1591844010""","=""9781591844013""",0,3.98,Portfolio,Hardcover,230,2011,2011,,2017/03/07,to-read,to-read (#15),to-read,,,,0,,,0,,,,,
23878,Chronicle of a Death Foretold,Gabriel García Márquez,"Márquez, Gabriel García",Gregory Rabassa,"=""140003471X""","=""9781400034710""",3,3.97,Vintage,Paperback,120,2003,1981,2017/02/25,2016/12/11,,,read,,,,1,,,0,,,,,
18659623,Through the Woods,Emily Carroll,"Carroll, Emily",,"=""1442465956""","=""9781442465954""",5,3.91,Margaret K. McElderry Books,Hardcover,208,2014,2014,2017/02/18,2017/02/05,,,read,,,,1,,,0,,,,,
25258314,Travelers Rest,Keith Lee Morris,"Morris, Keith Lee",,"=""0316335827""","=""9780316335829""",3,2.87,"Little, Brown and Company",Hardcover,358,2016,2016,2017/02/13,2017/02/04,,,read,,,,1,,,0,,,,,
63030,Distant Star,Roberto Bolaño,"Bolaño, Roberto",Chris    Andrews,"=""""","=""9780811215862""",3,3.91,New Directions,Paperback,150,2004,1996,2017/02/05,2016/11/20,,,read,,,,1,,,0,,,,,
13177070,Antwerp,Roberto Bolaño,"Bolaño, Roberto",Natasha Wimmer,"=""0811219917""","=""9780811219914""",5,3.59,New Directions,Paperback,96,2012,2002,2016/10/24,2016/10/23,,,read,,,,1,,,0,,,,,
216363,The Man in the High Castle,Philip K. Dick,"Dick, Philip K.",,"=""0679740678""","=""9780679740674""",0,3.62,Vintage,Paperback,259,1992,1962,,2017/01/27,to-read,to-read (#14),to-read,,,,0,,,0,,,,,
7101257,Little Brother,Cory Doctorow,"Doctorow, Cory",,"=""0765323117""","=""9780765323118""",4,3.93,Tor Teen,Paperback,416,2010,2008,2017/01/26,2017/01/18,,,read,,,,1,,,0,,,,,
3069794,Playwrights Teach Playwriting,Joan Herrington,"Herrington, Joan",Crystal Brian,"=""1575254239""","=""9781575254234""",0,4.08,Smith & Kraus,Paperback,161,2006,2006,2013/01/01,2017/01/19,,,read,,,,1,,,0,,,,,
12513,True and False: Heresy and Common Sense for the Actor,David Mamet,"Mamet, David",,"=""0679772642""","=""9780679772644""",0,3.94,Vintage,Paperback,144,1999,1997,2008/11/01,2017/01/19,,,read,,,,1,,,0,,,,,
30630196,The Unknown University,Roberto Bolaño,"Bolaño, Roberto",,"=""""","=""9780330529976""",4,4.13,Picador,Paperback,835,2015,1993,2017/01/18,2016/11/20,,,read,,,,1,,,0,,,,,
3437,The Curious Incident of the Dog in the Night-Time,Mark Haddon,"Haddon, Mark",,"=""0099450259""","=""9780099450252""",4,3.87,Vintage ,Paperback,272,2004,2003,2017/01/16,2016/10/26,,,read,,,,1,,,0,,,,,
120566,The Vintage Bradbury: The Greatest Stories by America's Most Distinguished Practioner of Speculative Fiction,Ray Bradbury,"Bradbury, Ray",,"=""0679729461""","=""9780679729464""",0,4.33,Vintage,Paperback,352,1990,1965,,2016/10/27,to-read,to-read (#13),to-read,,,,0,,,0,,,,,
437148,On Writing: A Memoir of the Craft,Stephen King,"King, Stephen",,"=""0684853523""","=""9780684853529""",4,4.33,Scribner,Hardcover,288,2000,2000,2017/01/07,2017/01/05,,,read,,,,1,,,0,,,,,
25153,"Uzumaki: Spiral into Horror, Vol. 2.",Junji Ito,"Ito, Junji",伊藤潤二,"=""1591160332""","=""9781591160335""",0,4.32,Viz Media,Paperback,208,2002,1999,,2016/10/23,to-read,to-read (#12),to-read,,,,0,,,0,,,,,
13538742,Woes of the True Policeman,Roberto Bolaño,"Bolaño, Roberto",Natasha Wimmer,"=""0374266743""","=""9780374266745""",2,3.66,"Farrar, Straus and Giroux",Hardcover,256,2012,2011,2016/12/22,2016/11/20,,,read,,,,1,,,0,,,,,
29567845,Spaceman of Bohemia,Jaroslav Kalfar,"Kalfar, Jaroslav",,"=""0316273430""","=""9780316273435""",0,3.83,"Little, Brown and Company",Hardcover,277,2017,2017,,2016/11/28,to-read,to-read (#11),to-read,,,,0,,,0,,,,,
23511311,"The Art of Asking; or, How I Learned to Stop Worrying and Let People Help",Amanda Palmer,"Palmer, Amanda",Brené Brown,"=""0349408092""","=""9780349408095""",5,3.98,Piatkus,Paperback,339,2014,2014,2015/09/01,2016/10/22,,,read,,,,1,,,0,,,,,
2336565,The Bush Tragedy,Jacob Weisberg,"Weisberg, Jacob",,"=""1400066786""","=""9781400066780""",0,3.75,Random House,Hardcover,271,2008,2008,,2016/10/23,to-read,to-read (#10),to-read,,,,0,,,0,,,,,
6593980,The Last Interview and Other Conversations,Roberto Bolaño,"Bolaño, Roberto","Mónica Maristain, Marcela Valdes, Sybil Perez, Tom McCartan","=""1933633832""","=""9781933633831""",0,3.86,Melville House,Paperback,123,2009,2009,,2016/11/20,to-read,to-read (#9),to-read,,,,0,,,0,,,,,
25246901,Paris Nocturne,Patrick Modiano,"Modiano, Patrick",Phoebe Weston-Evans,"=""0300215886""","=""9780300215885""",4,3.36,Yale University Press,Paperback,160,2015,2003,2016/11/20,2016/11/18,,,read,,,,1,,,0,,,,,
13315063,The Savage Detectives,Roberto Bolaño,"Bolaño, Roberto",,"=""1447202856""","=""9781447202851""",5,4.12,Picador Australia,Paperback,577,2012,1998,2016/11/16,2016/10/23,,,read,,,,1,,,0,,,,,
12153015,The Woman in the Dunes,Kōbō Abe,"Abe, Kōbō","E. Dale Saunders, Machi Abe","=""""","=""""",3,3.91,Vintage,Paperback,241,1991,1962,2016/11/19,2016/11/12,,,read,,,,1,,,0,,,,,
13178345,The Listeners,Leni Zumas,"Zumas, Leni",,"=""1935639293""","=""9781935639299""",0,3.69,Tin House Books,Paperback,352,2012,2012,,2016/11/18,to-read,to-read (#8),to-read,,,,0,,,0,,,,,
40698,Of Mice and Men,John Steinbeck,"Steinbeck, John",,"=""0140177396""","=""9780140177398""",3,3.86,Penguin Books,Mass Market Paperback,107,1993,1937,,2016/10/26,,,read,,,,1,,,0,,,,,
984352,The Shadow of the Wind (El cementerio de los libros olvidados #1),Carlos Ruiz Zafón,"Zafón, Carlos Ruiz",,"=""0753821206""","=""9780753821206""",5,4.26,Phoenix Press,Paperback,512,2005,2001,2012/01/01,2016/10/22,,,read,,,,1,,,0,,,,,
590778,The Writer's Journey: Mythic Structure for Writers,Christopher Vogler,"Vogler, Christopher",Michele Montez,"=""193290736X""","=""9781932907360""",5,4.08,Michael Wiese Productions,Paperback,370,2007,1992,2015/12/01,2016/10/22,,,read,,,,1,,,0,,,,,
876208,The Illustrated Man,Ray Bradbury,"Bradbury, Ray",,"=""0006479227""","=""9780006479222""",5,4.14,Flamingo,Paperback,294,2005,1951,2015/01/01,2016/10/22,,,read,,,,1,,,0,,,,,
382975,The Obscene Bird of Night,José Donoso,"Donoso, José","Hardie St. Martin, Leonard Mades","=""1567920462""","=""9781567920468""",0,4.14,David R. Godine Publisher,Paperback,438,2003,1970,,2016/10/31,to-read,to-read (#7),to-read,,,,0,,,0,,,,,
378,The Phantom Tollbooth,Norton Juster,"Juster, Norton",Jules Feiffer,"=""0394820371""","=""9780394820378""",3,4.21,Random House Bullseye Books,Paperback,256,1996,1961,,2016/10/26,,,read,,,,1,,,0,,,,,
18131,"A Wrinkle in Time (Time Quintet, #1)",Madeleine L'Engle,"L'Engle, Madeleine",,"=""0440498058""","=""9780440498056""",4,4.00,Yearling Books,Paperback,211,1973,1962,,2016/10/26,,,read,,,,1,,,0,,,,,
5297,The Picture of Dorian Gray,Oscar Wilde,"Wilde, Oscar",Jeffrey Eugenides,"=""0375751513""","=""9780375751516""",0,4.07,Random House: Modern Library,Paperback,272,2004,1890,,2016/10/26,to-read,to-read (#6),to-read,,,,0,,,0,,,,,
12232938,The Lovely Bones,Alice Sebold,"Sebold, Alice",,"=""0316166685""","=""9780316166683""",2,3.80,"Little, Brown and Company",Mass Market Paperback,372,2006,2002,,2016/10/26,,,read,,,,1,,,0,,,,,
24213,Alice's Adventures in Wonderland & Through the Looking-Glass,Lewis Carroll,"Carroll, Lewis","John Tenniel, Martin Gardner","=""0451527747""","=""9780451527745""",3,4.07,Penguin Group (USA),Paperback,239,2000,1871,,2016/10/26,,,read,,,,1,,,0,,,,,
28434,JR,William Gaddis,"Gaddis, William",Frederick R. Karl,"=""0140187073""","=""9780140187076""",0,4.28,,Paperback,752,1993,1975,,2016/10/26,to-read,to-read (#5),to-read,,,,0,,,0,,,,,
13584786,Twenty Thousand Leagues Under the Sea,Jules Verne,"Verne, Jules",Lewis Page Mercier,"=""1607105497""","=""9781607105497""",2,3.88,Canterbury Classics,Flexibound,296,2012,1869,2016/10/26,2016/10/24,,,read,,,,1,,,0,,,,,
8349550,Pirate Talk or Mermalade,Terese Svoboda,"Svoboda, Terese",,"=""0982631804""","=""9780982631805""",0,3.67,Dzanc Books,Paperback,151,2010,2010,,2016/10/25,to-read,to-read (#4),to-read,,,,0,,,0,,,,,
30008702,Nutshell,Ian McEwan,"McEwan, Ian",,"=""""","=""""",5,3.67,Nan A. Talese,Hardcover,208,2016,2016,2016/10/01,2016/10/22,,,read,,,,1,,,0,,,,,
11217487,SWELL,Corwin Ericson,"Ericson, Corwin",,"=""0984428844""","=""9780984428847""",2,3.29,Dark Coast Press,Paperback,390,2011,2011,2011/11/01,2016/10/22,,,read,,,,1,,,0,,,,,
18135,Romeo and Juliet,William Shakespeare,"Shakespeare, William","Paul Werstine, Barbara A. Mowat","=""0743477111""","=""9780743477116""",5,3.74,Simon Schuster,Paperback,368,2004,1595,2003/01/01,2016/10/22,,,read,,,,1,,,0,,,,,
22628,The Perks of Being a Wallflower,Stephen Chbosky,"Chbosky, Stephen",,"=""""","=""""",5,4.20,MTV Books/Pocket Books,Paperback,213,1999,1999,2011/01/01,2016/10/22,,,read,,,,1,,,0,,,,,
3,"Harry Potter and the Sorcerer's Stone (Harry Potter, #1)",J.K. Rowling,"Rowling, J.K.",Mary GrandPré,"=""""","=""""",4,4.47,Scholastic Inc,Hardcover,322,1997,1997,2001/01/01,2016/10/23,,,read,,,,1,,,0,,,,,
227463,A Clockwork Orange,Anthony Burgess,"Burgess, Anthony",,"=""0393312836""","=""9780393312836""",5,3.99,W. W. Norton & Company,Paperback,213,1986,1962,2005/01/01,2016/10/22,,,read,,,,1,,,0,,,,,
58169,"Catching the Big Fish: Meditation, Consciousness, and Creativity",David Lynch,"Lynch, David",,"=""1585425400""","=""9781585425402""",5,3.72,Tarcherperigee,Hardcover,181,2007,2006,2008/01/01,2016/10/22,,,read,,,,1,,,0,,,,,
24945315,Scream: Chilling Adventures in the Science of Fear,Margee Kerr,"Kerr, Margee",,"=""1610394828""","=""9781610394826""",3,3.61,PublicAffairs,Hardcover,274,2015,2015,2015/12/01,2016/10/24,,,read,,,,1,,,0,,,,,
5907,"The Hobbit, or There and Back Again",J.R.R. Tolkien,"Tolkien, J.R.R.",,"=""0618260307""","=""9780618260300""",4,4.27,Houghton Mifflin,Paperback,366,2002,1937,,2016/10/23,,,read,,,,1,,,0,,,,,
22324044,Wrapped in Plastic: Twin Peaks,Andy Burns,"Burns, Andy",,"=""1770412107""","=""9781770412101""",3,3.73,ECW Press,Paperback,112,2015,2015,2016/09/01,2016/10/22,,,read,,,,1,,,0,,,,,
22632275,To Be a Man: A Guide to True Masculine Power,Robert Augustus Masters,"Masters, Robert Augustus",,"=""1622032292""","=""9781622032297""",4,3.98,Sounds True,Hardcover,320,2015,2015,2016/09/01,2016/10/22,,,read,,,,1,,,0,,,,,
22750422,Prodigal Father Wayward Son: A Roadmap to Reconciliation,Sam Keen,"Keen, Sam",Gifford Keen,"=""1611250374""","=""9781611250374""",3,4.36,Divine Arts,Paperback,186,2015,2015,2016/10/01,2016/10/22,,,read,,,,1,,,0,,,,,
25152,"Uzumaki: Spiral into Horror, Vol. 1",Junji Ito,"Ito, Junji",伊藤潤二,"=""1569317143""","=""9781569317143""",3,4.31,Viz Media,Paperback,208,2001,1998,2016/10/23,2016/10/23,,,read,,,,1,,,0,,,,,
33179,Hamlet in Purgatory,Stephen Greenblatt,"Greenblatt, Stephen",,"=""0691102570""","=""9780691102573""",0,3.94,Princeton University Press,Paperback,344,2002,2001,,2016/10/22,to-read,to-read (#3),to-read,,,,0,,,0,,,,,
64369,Mindfulness in Plain English,Henepola Gunaratana,"Gunaratana, Henepola",,"=""0861713214""","=""9780861713219""",4,4.22,Wisdom Publications,Paperback,208,1996,1992,2016/09/01,2016/10/22,,,read,,,,1,,,0,,,,,
29502342,"Play Anything: The Pleasure of Limits, the Uses of Boredom, and the Secret of Games",Ian Bogost,"Bogost, Ian",,"=""0465051723""","=""9780465051724""",0,3.16,Basic Books,Hardcover,288,2016,2016,,2016/10/22,to-read,to-read (#2),to-read,,,,0,,,0,,,,,
20256744,David Lynch: The Man from Another Place,Dennis Lim,"Lim, Dennis",,"=""0544343751""","=""9780544343757""",5,3.93,New Harvest,Hardcover,184,2015,2013,2016/04/01,2016/10/22,,,read,,,,1,,,0,,,,,
25817303,"Sex with Shakespeare: Here's Much to Do with Pain, but More with Love",Jillian Keenan,"Keenan, Jillian",,"=""0062378716""","=""9780062378712""",4,4.18,William Morrow,Hardcover,334,2016,2016,2016/09/01,2016/10/22,,,read,,,,1,,,0,,,,,
